"ta","math_grade","spanish_grade","better_at_math"
"Phuong Vu",3.53868063772991,4,FALSE
"Yunwei Liang",3.16557269305291,3.90172924641575,FALSE
"Yubing Tian",2.72535897890786,3.78423434323549,FALSE
"Gavin Sreesangkom",3.83836466145859,3.49736828138809,TRUE
"Coco Li",3.32685013792824,3.45167647920012,FALSE
"George Zhang",3.64001840101596,3.49440978033231,TRUE
"Saurav Sawansukha",3.88813344134241,3.77718474222298,TRUE
"YuYu Madigan",3.47136699830307,3.78800046163152,FALSE
